{
    "globalBookmarks": {
        "armorer": [
        ],
        "butcher": [
        ],
        "cartographer": [
        ],
        "cleric": [
        ],
        "farmer": [
        ],
        "fisherman": [
        ],
        "fletcher": [
        ],
        "leatherworker": [
        ],
        "librarian": [
        ],
        "mason": [
        ],
        "shepherd": [
        ],
        "toolsmith": [
        ],
        "weaponsmith": [
        ],
        "nitwit": [
        ],
        "none": [
        ],
        "___+++___ wandering ___+++___": [
        ],
        "banker": [
        ]
    },
    "globalBookmarks1": {
        "armorer": [
        ],
        "butcher": [
        ],
        "cartographer": [
        ],
        "cleric": [
        ],
        "farmer": [
        ],
        "fisherman": [
        ],
        "fletcher": [
        ],
        "leatherworker": [
        ],
        "librarian": [
        ],
        "mason": [
        ],
        "shepherd": [
        ],
        "toolsmith": [
        ],
        "weaponsmith": [
        ],
        "nitwit": [
        ],
        "none": [
        ],
        "___+++___ wandering ___+++___": [
        ],
        "banker": [
        ]
    },
    "globalBookmarks2": {
        "armorer": [
        ],
        "butcher": [
        ],
        "cartographer": [
        ],
        "cleric": [
        ],
        "farmer": [
        ],
        "fisherman": [
        ],
        "fletcher": [
        ],
        "leatherworker": [
        ],
        "librarian": [
        ],
        "mason": [
        ],
        "shepherd": [
        ],
        "toolsmith": [
        ],
        "weaponsmith": [
        ],
        "nitwit": [
        ],
        "none": [
        ],
        "___+++___ wandering ___+++___": [
        ],
        "banker": [
        ]
    }
}