{
  "biomes": [
    [
      {
        "type": "BIOME_TAG",
        "negate": false,
        "value": "minecraft:is_overworld"
      },
      {
        "type": "BIOME_TAG",
        "negate": false,
        "value": "forge:is_mountain"
      },
      {
        "type": "BIOME_TAG",
        "negate": false,
        "value": "minecraft:is_badlands"
      },
      {
        "type": "BIOME_TAG",
        "negate": false,
        "value": "forge:is_dry"
      }
    ],
    [
      {
        "type": "REGISTRY_NAME",
        "negate": false,
        "value": "terralith:savanna_badlands"
      }
    ]
  ]
}