{
  "biomes": [
    [
      {
        "type": "BIOME_TAG",
        "negate": false,
        "value": "minecraft:is_overworld"
      },
      {
        "type": "BIOME_TAG",
        "negate": false,
        "value": "forge:is_plains"
      }
    ],
    [
      {
        "type": "REGISTRY_NAME",
        "negate": false,
        "value": "terralith:steppe"
      }
    ],
    [
      {
        "type": "REGISTRY_NAME",
        "negate": false,
        "value": "byg:firecracker_shrubland"
      }
    ],
    [
      {
        "type": "REGISTRY_NAME",
        "negate": false,
        "value": "byg:autumnal_valley"
      }
    ]
  ]
}