{
  "armorSetName": "\u4ed9\u4eba\u638c",
  "performanceMode": true,
  "head": {
    "itemKey": "extraarmor:cactus_helmet"
  },
  "chest": {
    "itemKey": "extraarmor:cactus_chestplate"
  },
  "legs": {
    "itemKey": "extraarmor:cactus_leggings"
  },
  "boots": {
    "itemKey": "extraarmor:cactus_boots"
  },
  "mainHand": {
    "itemKey": "somebosses:cactus_weapon"
  },
  "hideGeneratedTooltip": false,
  "customTooltips": [
    "\u83b7\u5f97\u4ed9\u4eba\u638c\u4e00\u822c\u7684\u751f\u547d\u529b\uff0c\u5e76\u4e14\u80fd\u5f97\u5fc3\u5e94\u624b\u5730\u4f7f\u7528\u4ed9\u4eba\u638c\u653b\u51fb"
  ],
  "partialBonusRequiredAmount": 3,
  "partialSetBonuses": [
    {
      "type": "effect",
      "name": "goety:photosynthesis",
      "value": 0.0,
      "interactionType": "self",
      "interactionDuration": 300,
      "hideBonusDescription": false,
      "onlyImmuneToNewEffects": false
    }
  ],
  "fullSetBonuses": [
    {
      "type": "attribute",
      "name": "minecraft:generic.attack_speed",
      "modifierUUID": "B7361DFA-B930-449F-9CE4-009FCFAFBABF",
      "attributeOperation": 2,
      "description": "+30% \u653b\u51fb\u901f\u5ea6",
      "value": 0.3
    },
    {
      "type": "effect",
      "name": "goety:photosynthesis",
      "value": 1.0,
      "interactionType": "self",
      "interactionDuration": 300,
      "hideBonusDescription": false,
      "onlyImmuneToNewEffects": false
    },
    {
      "type": "effect",
      "name": "alexsmobs:exsanguination",
      "value": 1.0,
      "interactionType": "attack",
      "interactionDuration": 200,
      "hideBonusDescription": false,
      "onlyImmuneToNewEffects": false
    }
  ]
}