{
  "armorSetName": "\u672b\u5f71\u5e7d\u9b42",
  "performanceMode": true,
  "head": {
    "itemKey": "extraarmor:enderghost_helmet"
  },
  "chest": {
    "itemKey": "extraarmor:enderghost_chestplate"
  },
  "legs": {
    "itemKey": "extraarmor:enderghost_leggings"
  },
  "boots": {
    "itemKey": "extraarmor:enderghost_boots"
  },
  "hideGeneratedTooltip": false,
  "customTooltips": [
    "\u517c\u5177\u4e86\u672b\u5f71\u4e0e\u5e7d\u9b42\u6750\u8d28\u7684\u90e8\u5206\u4f18\u52bf"
  ],
  "fullSetBonuses": [
    {
      "type": "attribute",
      "name": "irons_spellbooks:ender_spell_power",
      "modifierUUID": "10ED4F46-7C7E-4617-9042-CBB43704DD3B",
      "description": "+50% \u672b\u5f71\u7cfb\u9b54\u6cd5\u4f24\u5bb3",
      "value": 0.5
    },
    {
      "type": "effect",
      "name": "minecraft:weakness",
      "value": 1.0,
      "interactionType": "self",
      "interactionDuration": 300,
      "conditions": [
        {
          "type": "inWater"
        },
        {
          "type": "inRain"
        }
      ],
      "hideBonusDescription": false,
      "onlyImmuneToNewEffects": false
    },
    {
      "type": "effect",
      "name": "alexsmobs:soulsteal",
      "value": 0.0,
      "interactionType": "self",
      "interactionDuration": 300,
      "hideBonusDescription": false,
      "onlyImmuneToNewEffects": false
    }
  ]
}