{
  "armorSetName": "\u73bb\u7483",
  "performanceMode": true,
  "head": {
    "itemKey": "extraarmor:glass_helmet"
  },
  "chest": {
    "itemKey": "extraarmor:glass_chestplate"
  },
  "legs": {
    "itemKey": "extraarmor:glass_leggings"
  },
  "boots": {
    "itemKey": "extraarmor:glass_boots"
  },
  "hideGeneratedTooltip": false,
  "customTooltips": [
    "\u80fd\u591f\u5f3a\u5316\u653b\u51fb\u80fd\u529b\uff0c\u4f46\u8840\u91cf\u4f1a\u5927\u5e45\u4e0b\u964d"
  ],
  "partialBonusRequiredAmount": 3,
  "partialSetBonuses": [
    {
      "type": "attribute",
      "name": "minecraft:generic.attack_damage",
      "modifierUUID": "74F82A79-9CBE-4DC8-AC0C-CABF4128C0C1",
      "attributeOperation": 2,
      "description": "+20% \u653b\u51fb\u529b",
      "value": 0.2
    },
    {
      "type": "attribute",
      "name": "minecraft:generic.max_health",
      "modifierUUID": "B85D09CA-F32D-4DA4-AA01-C6C65143926B",
      "attributeOperation": 2,
      "description": "-50% \u8840\u91cf\u4e0a\u9650",
      "value": -0.5
    }
  ],
  "fullSetBonuses": [
    {
      "type": "attribute",
      "name": "minecraft:generic.attack_damage",
      "modifierUUID": "77D6C025-090B-4D55-8148-F875D90A6D48",
      "attributeOperation": 2,
      "description": "+50% \u653b\u51fb\u529b",
      "value": 0.5
    },
    {
      "type": "attribute",
      "name": "minecraft:generic.max_health",
      "modifierUUID": "14DC5AD8-C4CB-46F7-A83A-162E057C965F",
      "attributeOperation": 2,
      "description": "-80% \u8840\u91cf\u4e0a\u9650",
      "value": -0.8
    }
  ]
}
