{
  "armorSetName": "\u8424\u77f3",
  "performanceMode": true,
  "head": {
    "itemKey": "extraarmor:glowstone_helmet"
  },
  "chest": {
    "itemKey": "extraarmor:glowstone_chestplate"
  },
  "legs": {
    "itemKey": "extraarmor:glowstone_leggings"
  },
  "boots": {
    "itemKey": "extraarmor:glowstone_boots"
  },
  "hideGeneratedTooltip": false,
  "customTooltips": [
    "\u4e00\u5207\u90fd\u5728\u95ea\u8000\uff0c\u800c\u5723\u5149\u5c06\u4f1a\u5265\u593a\u654c\u4eba\u7684\u89c6\u91ce"
  ],
  "fullSetBonuses": [
    {
      "type": "attribute",
      "name": "irons_spellbooks:holy_spell_power",
      "modifierUUID": "B96248C5-07B3-4BAA-8E40-3553B5878B3E",
      "description": "+15% \u795e\u5723\u7cfb\u9b54\u6cd5\u4f24\u5bb3",
      "value": 0.15
    },
    {
      "type": "effect",
      "name": "minecraft:glowing",
      "value": 0.0,
      "interactionType": "self",
      "interactionDuration": 300,
      "hideBonusDescription": false,
      "onlyImmuneToNewEffects": false
    },
    {
      "type": "effect",
      "name": "minecraft:night_vision",
      "value": 0.0,
      "interactionType": "self",
      "interactionDuration": 300,
      "hideBonusDescription": false,
      "onlyImmuneToNewEffects": false
    },
    {
      "type": "effect",
      "name": "goety:sense_loss",
      "value": 1.0,
      "interactionType": "attack",
      "interactionDuration": 3000,
      "hideBonusDescription": false,
      "onlyImmuneToNewEffects": false
    }
  ]
}