{
  "armorSetName": "\u7267\u5e08",
  "performanceMode": true,
  "head": {
    "itemKey": "irons_spellbooks:priest_helmet"
  },
  "chest": {
    "itemKey": "irons_spellbooks:priest_chestplate"
  },
  "legs": {
    "itemKey": "irons_spellbooks:priest_leggings"
  },
  "boots": {
    "itemKey": "irons_spellbooks:priest_boots"
  },
  "mainHand": {
    "itemKey": "goety:nameless_staff",
    "mixAndMatch": [
      "iceandfire:ghost_sword"
    ]
  },
  "offHand": {
    "itemKey": "goety:nameless_staff",
    "mixAndMatch": [
      "iceandfire:ghost_sword"
    ]
  },
  "additionalSetPieces": [{
    "itemKey": "nameless_trinkets:wooden_stick",
    "mixAndMatch": [
    "irons_spellbooks:villager_spell_book"
    ]
  }],
  "hideGeneratedTooltip": false,
  "customTooltips": [
    "\u4f60\u5df2\u7ecf\u662f\u4e00\u4f4d\u51fa\u8272\u7684\u7267\u5e08\u4e86"
  ],
  "partialBonusRequiredAmount": 5,
  "partialSetBonuses": [
    {
      "type": "attribute",
      "name": "irons_spellbooks:holy_spell_power",
      "modifierUUID": "8262FE40-1D59-441C-9A4A-756A0CD47BFF",
      "description": "+60% \u795e\u5723\u9b54\u6cd5\u4f24\u5bb3",
      "value": 0.6
    },
    {
      "type": "attribute",
      "name": "irons_spellbooks:holy_magic_resist",
      "modifierUUID": "9F606165-4FEB-429C-ACBE-4E394EFAFA62",
      "description": "+60% \u795e\u5723\u9b54\u6cd5\u62b5\u6297",
      "value": 0.6
    }
  ],
  "fullSetBonuses": [
    {
      "type": "attribute",
      "name": "irons_spellbooks:holy_spell_power",
      "modifierUUID": "BCB1A236-97EC-46DC-B950-E834E62F1DB0",
      "description": "+90% \u795e\u5723\u9b54\u6cd5\u4f24\u5bb3",
      "value": 0.9
    },
    {
      "type": "attribute",
      "name": "irons_spellbooks:holy_magic_resist",
      "modifierUUID": "EFECC048-14E6-49CC-AC82-CDABDC7FB70B",
      "description": "+90% \u795e\u5723\u9b54\u6cd5\u62b5\u6297",
      "value": 0.9
    }
  ]
}