{
  "armorSetName": "\u6d77\u6676\u7802\u7c92",
  "performanceMode": true,
  "head": {
    "itemKey": "extraarmor:prismarine_crystal_helmet"
  },
  "chest": {
    "itemKey": "extraarmor:prismarine_crystal_chestplate"
  },
  "legs": {
    "itemKey": "extraarmor:prismarine_crystal_leggings"
  },
  "boots": {
    "itemKey": "extraarmor:prismarine_crystal_boots"
  },
  "hideGeneratedTooltip": false,
  "customTooltips": [
    "\u8fd9\u79cd\u6750\u8d28\u8ba9\u4f60\u5907\u53d7\u6d77\u6d0b\u751f\u7269\u7684\u559c\u7231"
  ],
  "fullSetBonuses": [
    {
      "type": "effect",
      "name": "minecraft:water_breathing",
      "value": 0.0,
      "interactionType": "self",
      "interactionDuration": 300,
      "hideBonusDescription": false,
      "onlyImmuneToNewEffects": false
    },
    {
      "type": "effect",
      "name": "alexsmobs:orcas_might",
      "value": 1.0,
      "interactionType": "self",
      "interactionDuration": 300,
      "hideBonusDescription": false,
      "onlyImmuneToNewEffects": false
    }
  ]
}