{
  "armorSetName": "\u94f6",
  "performanceMode": true,
  "head": {
    "itemKey": "iceandfire:armor_silver_metal_helmet"
  },
  "chest": {
    "itemKey": "iceandfire:armor_silver_metal_chestplate"
  },
  "legs": {
    "itemKey": "iceandfire:armor_silver_metal_leggings"
  },
  "boots": {
    "itemKey": "iceandfire:armor_silver_metal_boots"
  },
  "hideGeneratedTooltip": false,
  "customTooltips": [
    "\u795e\u5723\u4e4b\u529b\u9707\u9000\u90aa\u7075\uff01"
  ],
  "fullSetBonuses": [
    {
      "type": "attribute",
      "name": "irons_spellbooks:holy_spell_power",
      "modifierUUID": "94E03BBF-44E2-4311-95D2-BF74777762CE",
      "description": "+40% \u795e\u5723\u7cfb\u9b54\u6cd5\u4f24\u5bb3",
      "value": 0.4
    },
    {
      "type": "effect",
      "name": "goety:repulsive",
      "value": 2.0,
      "interactionType": "self",
      "interactionDuration": 300,
      "hideBonusDescription": false,
      "onlyImmuneToNewEffects": false
    }
  ]
}