{
  "attributes": {
    "obscure_api:penetration": {
      "enabled": false,
      "min": {
        "default": 0,
        "value": 0
      },
      "max": {
        "default": 100,
        "value": 100
      }
    },
    "forge:attack_range": {
      "enabled": false,
      "min": {
        "default": 0,
        "value": 0
      },
      "max": {
        "default": 1024,
        "value": 1024
      }
    },
    "forge:step_height_addition": {
      "enabled": false,
      "min": {
        "default": -512,
        "value": -512
      },
      "max": {
        "default": 512,
        "value": 512
      }
    },
    "minecraft:generic.follow_range": {
      "enabled": true,
      "min": {
        "default": 0,
        "value": 0
      },
      "max": {
        "default": 2048,
        "value": 2048
      }
    },
    "witherstormmod:evolution_speed": {
      "enabled": false,
      "min": {
        "default": 0,
        "value": 0
      },
      "max": {
        "default": 1024,
        "value": 1024
      }
    },
    "obscure_api:dodge": {
      "enabled": false,
      "min": {
        "default": 0,
        "value": 0
      },
      "max": {
        "default": 100,
        "value": 100
      }
    },
    "irons_spellbooks:nature_spell_power": {
      "enabled": false,
      "min": {
        "default": 0,
        "value": 0
      },
      "max": {
        "default": 10,
        "value": 10
      }
    },
    "obscure_api:resilience": {
      "enabled": false,
      "min": {
        "default": 0,
        "value": 0
      },
      "max": {
        "default": 100,
        "value": 100
      }
    },
    "forge:entity_gravity": {
      "enabled": false,
      "min": {
        "default": -8,
        "value": -8
      },
      "max": {
        "default": 8,
        "value": 8
      }
    },
    "tetra:ability_damage": {
      "enabled": false,
      "min": {
        "default": 0,
        "value": 0
      },
      "max": {
        "default": 2048,
        "value": 2048
      }
    },
    "witherstormmod:target_stationary_flying_speed": {
      "enabled": false,
      "min": {
        "default": 0,
        "value": 0
      },
      "max": {
        "default": 2,
        "value": 2
      }
    },
    "irons_spellbooks:nature_magic_resist": {
      "enabled": false,
      "min": {
        "default": 0,
        "value": 0
      },
      "max": {
        "default": 10,
        "value": 10
      }
    },
    "obscure_api:regeneration": {
      "enabled": false,
      "min": {
        "default": 0,
        "value": 0
      },
      "max": {
        "default": 100000,
        "value": 100000
      }
    },
    "irons_spellbooks:lightning_magic_resist": {
      "enabled": false,
      "min": {
        "default": 0,
        "value": 0
      },
      "max": {
        "default": 10,
        "value": 10
      }
    },
    "irons_spellbooks:holy_magic_resist": {
      "enabled": false,
      "min": {
        "default": 0,
        "value": 0
      },
      "max": {
        "default": 10,
        "value": 10
      }
    },
    "minecraft:generic.luck": {
      "enabled": true,
      "min": {
        "default": -1024,
        "value": -1024
      },
      "max": {
        "default": 1024,
        "value": 1024
      }
    },
    "witherstormmod:slow_flying_speed": {
      "enabled": false,
      "min": {
        "default": 0,
        "value": 0
      },
      "max": {
        "default": 2,
        "value": 2
      }
    },
    "irons_spellbooks:fire_spell_power": {
      "enabled": false,
      "min": {
        "default": 0,
        "value": 0
      },
      "max": {
        "default": 10,
        "value": 10
      }
    },
    "witherstormmod:hunchback_follow_range": {
      "enabled": false,
      "min": {
        "default": 0,
        "value": 0
      },
      "max": {
        "default": 2048,
        "value": 2048
      }
    },
    "obscure_api:magic_resistance": {
      "enabled": false,
      "min": {
        "default": 0,
        "value": 0
      },
      "max": {
        "default": 100,
        "value": 100
      }
    },
    "irons_spellbooks:summon_damage": {
      "enabled": false,
      "min": {
        "default": 0,
        "value": 0
      },
      "max": {
        "default": 10,
        "value": 10
      }
    },
    "obscure_api:magic_damage": {
      "enabled": false,
      "min": {
        "default": 0,
        "value": 0
      },
      "max": {
        "default": 100000,
        "value": 100000
      }
    },
    "forge:reach_distance": {
      "enabled": false,
      "min": {
        "default": 0,
        "value": 0
      },
      "max": {
        "default": 1024,
        "value": 1024
      }
    },
    "tetra:draw_strength": {
      "enabled": false,
      "min": {
        "default": 0,
        "value": 0
      },
      "max": {
        "default": 2048,
        "value": 2048
      }
    },
    "obscure_api:healing_power": {
      "enabled": false,
      "min": {
        "default": 0,
        "value": 0
      },
      "max": {
        "default": 100,
        "value": 100
      }
    },
    "irons_spellbooks:cast_time_reduction": {
      "enabled": false,
      "min": {
        "default": 0,
        "value": 0
      },
      "max": {
        "default": 10,
        "value": 10
      }
    },
    "irons_spellbooks:cooldown_reduction": {
      "enabled": false,
      "min": {
        "default": -10,
        "value": -10
      },
      "max": {
        "default": 10,
        "value": 10
      }
    },
    "irons_spellbooks:spell_power": {
      "enabled": false,
      "min": {
        "default": 0,
        "value": 0
      },
      "max": {
        "default": 10,
        "value": 10
      }
    },
    "minecraft:zombie.spawn_reinforcements": {
      "enabled": true,
      "min": {
        "default": 0,
        "value": 0
      },
      "max": {
        "default": 1,
        "value": 1
      }
    },
    "irons_spellbooks:ice_spell_power": {
      "enabled": false,
      "min": {
        "default": 0,
        "value": 0
      },
      "max": {
        "default": 10,
        "value": 10
      }
    },
    "minecraft:generic.attack_knockback": {
      "enabled": true,
      "min": {
        "default": 0,
        "value": 0
      },
      "max": {
        "default": 5,
        "value": 1000000
      }
    },
    "forge:swim_speed": {
      "enabled": false,
      "min": {
        "default": 0,
        "value": 0
      },
      "max": {
        "default": 1024,
        "value": 1024
      }
    },
    "minecraft:generic.armor_toughness": {
      "enabled": true,
      "min": {
        "default": 0,
        "value": 0
      },
      "max": {
        "default": 20,
        "value": 1000000
      }
    },
    "tetra:draw_speed": {
      "enabled": false,
      "min": {
        "default": 0,
        "value": 0
      },
      "max": {
        "default": 2048,
        "value": 2048
      }
    },
    "obscure_api:accuracy": {
      "enabled": false,
      "min": {
        "default": 0,
        "value": 0
      },
      "max": {
        "default": 100,
        "value": 100
      }
    },
    "irons_spellbooks:fire_magic_resist": {
      "enabled": false,
      "min": {
        "default": 0,
        "value": 0
      },
      "max": {
        "default": 10,
        "value": 10
      }
    },
    "tetra:ability_cooldown": {
      "enabled": false,
      "min": {
        "default": 0,
        "value": 0
      },
      "max": {
        "default": 2048,
        "value": 2048
      }
    },
    "irons_spellbooks:ender_spell_power": {
      "enabled": false,
      "min": {
        "default": 0,
        "value": 0
      },
      "max": {
        "default": 10,
        "value": 10
      }
    },
    "irons_spellbooks:holy_spell_power": {
      "enabled": false,
      "min": {
        "default": 0,
        "value": 0
      },
      "max": {
        "default": 10,
        "value": 10
      }
    },
    "modulargolems:golem_sweep": {
      "enabled": false,
      "min": {
        "default": 0,
        "value": 0
      },
      "max": {
        "default": 1000,
        "value": 1000
      }
    },
    "forge:nametag_distance": {
      "enabled": false,
      "min": {
        "default": 0,
        "value": 0
      },
      "max": {
        "default": 64,
        "value": 64
      }
    },
    "irons_spellbooks:blood_magic_resist": {
      "enabled": false,
      "min": {
        "default": 0,
        "value": 0
      },
      "max": {
        "default": 10,
        "value": 10
      }
    },
    "irons_spellbooks:evocation_magic_resist": {
      "enabled": false,
      "min": {
        "default": 0,
        "value": 0
      },
      "max": {
        "default": 10,
        "value": 10
      }
    },
    "obscure_api:parry": {
      "enabled": false,
      "min": {
        "default": 0,
        "value": 0
      },
      "max": {
        "default": 100,
        "value": 100
      }
    },
    "minecraft:generic.attack_speed": {
      "enabled": true,
      "min": {
        "default": 0,
        "value": 0
      },
      "max": {
        "default": 1024,
        "value": 1024
      }
    },
    "minecraft:generic.attack_damage": {
      "enabled": true,
      "min": {
        "default": 0,
        "value": 0
      },
      "max": {
        "default": 2048,
        "value": 1000000
      }
    },
    "irons_spellbooks:ender_magic_resist": {
      "enabled": false,
      "min": {
        "default": 0,
        "value": 0
      },
      "max": {
        "default": 10,
        "value": 10
      }
    },
    "minecraft:generic.armor": {
      "enabled": true,
      "min": {
        "default": 0,
        "value": 0
      },
      "max": {
        "default": 30,
        "value": 1000000
      }
    },
    "irons_spellbooks:evocation_spell_power": {
      "enabled": false,
      "min": {
        "default": 0,
        "value": 0
      },
      "max": {
        "default": 10,
        "value": 10
      }
    },
    "irons_spellbooks:blood_spell_power": {
      "enabled": false,
      "min": {
        "default": 0,
        "value": 0
      },
      "max": {
        "default": 10,
        "value": 10
      }
    },
    "obscure_api:critical_hit": {
      "enabled": false,
      "min": {
        "default": 0,
        "value": 0
      },
      "max": {
        "default": 100,
        "value": 100
      }
    },
    "modulargolems:golem_regen": {
      "enabled": false,
      "min": {
        "default": 0,
        "value": 0
      },
      "max": {
        "default": 1000,
        "value": 1000
      }
    },
    "minecraft:generic.flying_speed": {
      "enabled": true,
      "min": {
        "default": 0,
        "value": 0
      },
      "max": {
        "default": 1024,
        "value": 1024
      }
    },
    "irons_spellbooks:lightning_spell_power": {
      "enabled": false,
      "min": {
        "default": 0,
        "value": 0
      },
      "max": {
        "default": 10,
        "value": 10
      }
    },
    "minecraft:generic.movement_speed": {
      "enabled": true,
      "min": {
        "default": 0,
        "value": 0
      },
      "max": {
        "default": 1024,
        "value": 1024
      }
    },
    "caelus:fall_flying": {
      "enabled": false,
      "min": {
        "default": 0,
        "value": 0
      },
      "max": {
        "default": 1,
        "value": 1
      }
    },
    "obscure_api:critical_damage": {
      "enabled": false,
      "min": {
        "default": 0,
        "value": 0
      },
      "max": {
        "default": 100,
        "value": 100
      }
    },
    "irons_spellbooks:spell_resist": {
      "enabled": false,
      "min": {
        "default": 0,
        "value": 0
      },
      "max": {
        "default": 10,
        "value": 10
      }
    },
    "minecraft:generic.max_health": {
      "enabled": true,
      "min": {
        "default": 1,
        "value": 1
      },
      "max": {
        "default": 1024,
        "value": 1000000
      }
    },
    "irons_spellbooks:mana_regen": {
      "enabled": false,
      "min": {
        "default": 0,
        "value": 0
      },
      "max": {
        "default": 10,
        "value": 10
      }
    },
    "irons_spellbooks:ice_magic_resist": {
      "enabled": false,
      "min": {
        "default": 0,
        "value": 0
      },
      "max": {
        "default": 10,
        "value": 10
      }
    },
    "minecraft:horse.jump_strength": {
      "enabled": true,
      "min": {
        "default": 0,
        "value": 0
      },
      "max": {
        "default": 2,
        "value": 2
      }
    },
    "irons_spellbooks:max_mana": {
      "enabled": false,
      "min": {
        "default": 0,
        "value": 0
      },
      "max": {
        "default": 10000,
        "value": 10000
      }
    },
    "minecraft:generic.knockback_resistance": {
      "enabled": true,
      "min": {
        "default": 0,
        "value": 0
      },
      "max": {
        "default": 1,
        "value": 1
      }
    }
  }
}